{
   "mean_each_feature": [
      39.305194812296435,
      9.486974868679393,
      45.01772580206,
      8.773417792042638,
      -1.6132898368980106,
      -2.1511628946076273,
      27.38195973950271
   ],
   "std_each_feature": [
      9.873003540404081,
      6.2120800041681905,
      14.235528308701587,
      4.456503663368539,
      5.6089981540270735,
      6.822933637753333,
      11.853705964787029
   ]
}