{
   "epoch_to_data": {
      "0": {
         "epoch": 0,
         "train_loss": 0.6735456947466774,
         "val_loss": 0.26683470944188675,
         "duration_seconds": 66.12486243247986
      },
      "1": {
         "epoch": 1,
         "train_loss": 0.5181663767986388,
         "val_loss": 0.2265852765654618,
         "duration_seconds": 68.3818187713623
      },
      "2": {
         "epoch": 2,
         "train_loss": 0.45208236561002324,
         "val_loss": 0.20827916489457185,
         "duration_seconds": 69.23219203948975
      },
      "3": {
         "epoch": 3,
         "train_loss": 0.4107081126686521,
         "val_loss": 0.1967473030090332,
         "duration_seconds": 68.55692386627197
      },
      "4": {
         "epoch": 4,
         "train_loss": 0.38359232479927097,
         "val_loss": 0.1899617536450332,
         "duration_seconds": 67.41496968269348
      },
      "5": {
         "epoch": 5,
         "train_loss": 0.36725551349009383,
         "val_loss": 0.18550199242133014,
         "duration_seconds": 68.93014621734619
      },
      "6": {
         "epoch": 6,
         "train_loss": 0.3494353896774952,
         "val_loss": 0.1820985866042803,
         "duration_seconds": 67.05839228630066
      },
      "7": {
         "epoch": 7,
         "train_loss": 0.3383813923427844,
         "val_loss": 0.1795428251882769,
         "duration_seconds": 67.06467461585999
      },
      "8": {
         "epoch": 8,
         "train_loss": 0.3284233270380734,
         "val_loss": 0.17797948504393957,
         "duration_seconds": 66.96955847740173
      },
      "9": {
         "epoch": 9,
         "train_loss": 0.3207162137703873,
         "val_loss": 0.17694870480951272,
         "duration_seconds": 66.41008067131042
      },
      "10": {
         "epoch": 10,
         "train_loss": 0.31383973677858923,
         "val_loss": 0.17560920259862575,
         "duration_seconds": 67.91139268875122
      },
      "11": {
         "epoch": 11,
         "train_loss": 0.30924430828523863,
         "val_loss": 0.17489728134758067,
         "duration_seconds": 71.64508819580078
      },
      "12": {
         "epoch": 12,
         "train_loss": 0.3029901207340837,
         "val_loss": 0.17406662117760135,
         "duration_seconds": 70.63237977027893
      },
      "13": {
         "epoch": 13,
         "train_loss": 0.2985528494933205,
         "val_loss": 0.17326899660083483,
         "duration_seconds": 73.07241368293762
      },
      "14": {
         "epoch": 14,
         "train_loss": 0.2946543509926276,
         "val_loss": 0.1731926548593449,
         "duration_seconds": 74.48113107681274
      },
      "15": {
         "epoch": 15,
         "train_loss": 0.2914340628125656,
         "val_loss": 0.17247852092643953,
         "duration_seconds": 71.10298776626587
      },
      "16": {
         "epoch": 16,
         "train_loss": 0.2879604120955083,
         "val_loss": 0.17248226589751695,
         "duration_seconds": 72.86226773262024
      },
      "17": {
         "epoch": 17,
         "train_loss": 0.2840429045860236,
         "val_loss": 0.17195817293985835,
         "duration_seconds": 75.69307279586792
      },
      "18": {
         "epoch": 18,
         "train_loss": 0.2818427899437493,
         "val_loss": 0.17182400204100698,
         "duration_seconds": 90.12607312202454
      },
      "19": {
         "epoch": 19,
         "train_loss": 0.27901882406377115,
         "val_loss": 0.17178016957247033,
         "duration_seconds": 89.05755829811096
      },
      "20": {
         "epoch": 20,
         "train_loss": 0.27706761806497077,
         "val_loss": 0.17105449201925746,
         "duration_seconds": 89.16227579116821
      },
      "21": {
         "epoch": 21,
         "train_loss": 0.276279955396155,
         "val_loss": 0.17072154975162362,
         "duration_seconds": 101.55205655097961
      },
      "22": {
         "epoch": 22,
         "train_loss": 0.2718696998193931,
         "val_loss": 0.17105935036011463,
         "duration_seconds": 101.30585741996765
      },
      "23": {
         "epoch": 23,
         "train_loss": 0.26975620350849006,
         "val_loss": 0.1711832931581533,
         "duration_seconds": 108.59270024299622
      },
      "24": {
         "epoch": 24,
         "train_loss": 0.2683514718902055,
         "val_loss": 0.17125333648807597,
         "duration_seconds": 99.98804187774658
      },
      "25": {
         "epoch": 25,
         "train_loss": 0.2671716542323054,
         "val_loss": 0.17112015019047935,
         "duration_seconds": 99.19141387939453
      },
      "26": {
         "epoch": 26,
         "train_loss": 0.2643470817832585,
         "val_loss": 0.17078128119684616,
         "duration_seconds": 9028.618976831436
      }
   }
}