{
   "epoch_to_data": {
      "0": {
         "epoch": 0,
         "train_loss": 0.3212766704942893,
         "val_loss": 0.3301324091023869,
         "duration_seconds": 70.93359088897705
      },
      "1": {
         "epoch": 1,
         "train_loss": 0.2594649072529541,
         "val_loss": 0.31593542615020714,
         "duration_seconds": 69.16209769248962
      },
      "2": {
         "epoch": 2,
         "train_loss": 0.24451035585392406,
         "val_loss": 0.3115634527747278,
         "duration_seconds": 70.01094675064087
      },
      "3": {
         "epoch": 3,
         "train_loss": 0.2347079422497363,
         "val_loss": 0.3100883419177047,
         "duration_seconds": 68.36549925804138
      }
   }
}