{
   "mean_each_feature": [
      7.642415963153354,
      2.119633709968322,
      4.657595465358549,
      0.8135561834149274,
      2.9945986024742925,
      0.8101981998288894,
      14.839495349882727
   ],
   "std_each_feature": [
      6.483959466608053,
      2.0632196598808275,
      6.264848437083102,
      1.862274864605287,
      1.1803985412997784,
      0.6355698687137809,
      8.831042903001919
   ]
}