{
   "epoch_to_data": {
      "0": {
         "epoch": 0,
         "train_loss": 0.3507790839502597,
         "val_loss": 0.17924300314120525,
         "duration_seconds": 10.972663640975952
      },
      "1": {
         "epoch": 1,
         "train_loss": 0.2866776862415657,
         "val_loss": 0.17091013884769296,
         "duration_seconds": 11.990834474563599
      },
      "2": {
         "epoch": 2,
         "train_loss": 0.2684475376990169,
         "val_loss": 0.16652149749252032,
         "duration_seconds": 12.44882345199585
      },
      "3": {
         "epoch": 3,
         "train_loss": 0.2586409268785992,
         "val_loss": 0.16569261393457088,
         "duration_seconds": 12.101587057113647
      },
      "4": {
         "epoch": 4,
         "train_loss": 0.24926839341625784,
         "val_loss": 0.1647655925941917,
         "duration_seconds": 11.96457028388977
      },
      "5": {
         "epoch": 5,
         "train_loss": 0.24318360999862165,
         "val_loss": 0.1651327705608224,
         "duration_seconds": 11.985672235488892
      },
      "6": {
         "epoch": 6,
         "train_loss": 0.23660425707627247,
         "val_loss": 0.16502902361581911,
         "duration_seconds": 12.120136022567749
      },
      "7": {
         "epoch": 7,
         "train_loss": 0.23056346647688564,
         "val_loss": 0.16652630213296638,
         "duration_seconds": 12.046140670776367
      },
      "8": {
         "epoch": 8,
         "train_loss": 0.2253275136529552,
         "val_loss": 0.16701786669920077,
         "duration_seconds": 11.9608473777771
      },
      "9": {
         "epoch": 9,
         "train_loss": 0.2207685544451266,
         "val_loss": 0.16832521557807922,
         "duration_seconds": 11.947672128677368
      }
   }
}